time,measured_h,ai_wh,scale,wh
2026-10-09 18:45:00,0.03920896152655284,0.0005276996145645777,1.0,0.0005276996145645777
2026-10-09 19:00:00,0.1516987685362498,0.001844929527507888,1.0,0.001844929527507888
2026-10-09 19:15:00,0.13670227547486624,0.0002122521232234107,1.0,0.0002122521232234107
2026-10-09 19:30:00,0.06278978334532843,0.00011751601020495097,1.0,0.00011751601020495097
2026-10-09 19:45:00,0.02928068783548143,0.00020773564689689214,1.0,0.00020773564689689214
2026-10-09 20:00:00,0.18637714915805392,0.0001702264850669437,1.0,0.0001702264850669437
2026-10-09 20:15:00,0.22144917223188612,0.004534394473036131,1.0,0.004534394473036131
2026-10-09 20:30:00,0.25,0.0028616781440046098,1.0,0.0028616781440046098
2026-10-09 20:45:00,0.25,8.209183626704747e-05,1.0,8.209183626704747e-05
2026-10-09 21:00:00,0.2497006427579456,0.0,1.0,0.0
2026-10-09 21:15:00,0.23115956743558247,0.0,1.0,0.0
2026-10-09 21:30:00,0.2497281367248959,0.0,1.0,0.0
2026-10-09 21:45:00,0.25,0.0,1.0,0.0
2026-10-09 22:00:00,0.1783001270559099,0.0,1.0,0.0
2026-10-09 22:15:00,0.0,0.0,1.0,0.0
2026-10-09 22:30:00,0.0,0.0,1.0,0.0
2026-10-09 22:45:00,0.0,0.0,1.0,0.0
2026-10-09 23:00:00,0.14719513422913022,0.0,1.0,0.0
2026-10-09 23:15:00,0.2498522855175866,0.0,1.0,0.0
2026-10-09 23:30:00,0.13832353697882757,0.0,1.0,0.0
2026-10-09 23:45:00,0.10245389567481147,0.037254445486068724,1.0,0.037254445486068724
2026-10-10 00:00:00,0.19582788394557105,0.045260658038126095,1.0,0.045260658038126095
2026-10-10 00:15:00,0.25,0.0,1.0,0.0
2026-10-10 00:30:00,0.25,0.0,1.0,0.0
2026-10-10 00:45:00,0.24982895029915703,0.0,1.0,0.0
2026-10-10 01:00:00,0.24855948799186284,0.0,1.0,0.0
2026-10-10 01:15:00,0.24500299811363221,0.0,1.0,0.0
2026-10-10 01:30:00,0.25,4.047786990801494e-06,1.0,4.047786990801494e-06
2026-10-10 01:45:00,0.24997113386789957,0.004874605467915535,1.0,0.004874605467915535
2026-10-10 02:00:00,0.2432230544752545,0.007904971182015207,1.0,0.007904971182015207
2026-10-10 02:15:00,0.25,0.00012377148860030706,1.0,0.00012377148860030706
2026-10-10 02:30:00,0.02242173042562273,3.217356337441338e-05,1.0,3.217356337441338e-05
